Empl Type,Experience Level,Salary USD
3,1,138000
3,1,86000
3,0,179000
3,0,112000
3,1,92000
3,1,80000
3,2,90000
3,2,70000
3,2,127000
3,2,72600
3,0,70000
3,0,50000
3,0,83000
3,0,71000
3,2,198650
3,2,137000
3,2,160000
3,2,100000
3,0,92700
3,0,64900
3,1,166000
3,1,73000
3,1,81713
3,1,48067
3,1,179000
3,1,112000
3,2,111800
3,2,68195
3,2,132000
3,2,82500
3,1,140000
3,1,100000
3,1,85000
3,1,61800
3,1,129118
3,1,86078
3,2,140000
3,2,107000
3,1,97000
3,1,62000
3,1,237000
3,1,201450
3,3,219650
3,3,136000
3,1,87800
3,1,76300
3,2,97000
3,2,62000
3,2,253000
3,2,187000
3,2,250000
3,2,150000
3,1,184000
3,1,123000
3,2,245000
3,2,180000
3,2,184000
3,2,123000
3,2,317000
3,2,266000
3,2,229000
3,2,221000
3,1,120000
3,1,62100
3,2,210000
3,2,162000
3,2,198000
3,2,162000
3,2,300000
3,2,180000
3,1,68088
3,1,54552
3,2,324000
3,2,159000
3,1,99000
3,1,70000
3,2,220000
3,2,146000
3,1,105000
3,1,70000
3,1,110000
3,1,90000
3,1,60000
3,1,55000
3,0,116013
3,0,92810
3,2,200000
3,2,150000
3,2,221000
3,2,138000
3,1,146100
3,1,86500
3,2,159300
3,2,96600
3,2,209300
3,2,118300
3,2,170000
3,2,130000
3,2,140000
3,2,97200
3,1,179000
3,1,112000
3,2,140000
3,2,120000
3,1,308000
3,1,193000
3,2,240000
3,2,180000
3,2,126480
3,2,82620
3,2,324000
3,2,159000
3,1,140025
3,1,102300
3,2,150000
3,1,224000
3,1,146000
3,2,150000
3,2,112500
3,1,81500
3,1,75000
3,2,106875
3,2,71250
3,1,245000
3,1,135000
3,2,144138
3,2,104828
3,2,161000
3,2,133200
3,1,161875
3,1,97125
3,2,196350
3,2,127500
3,1,135450
3,1,72870
3,2,237200
3,2,172500
3,2,184800
3,2,161900
3,2,146800
3,2,117400
3,0,90000
3,0,60000
3,2,227200
3,2,199100
3,1,310000
3,1,245000
3,2,125000
3,1,223000
3,1,171600
3,2,192500
3,2,122500
3,2,162900
3,2,117725
3,0,140000
3,0,100000
3,1,170000
3,1,105000
3,2,139000
3,2,234200
3,2,124000
3,1,153700
3,1,87300
3,2,282000
3,2,208000
3,2,77777
3,2,66666
3,1,162000
3,1,129000
3,2,138000
3,2,86000
3,1,100000
3,1,94444
3,0,110000
3,0,90000
3,2,255800
3,2,176000
3,0,120000
3,0,105000
3,2,130943
3,2,104220
3,0,50000
3,0,43750
3,1,210000
3,1,140000
3,1,46250
3,1,30000
3,2,165000
3,2,130000
3,0,156000
3,0,124000
3,2,189000
3,2,140000
3,2,158494
3,2,88052
3,2,175000
3,1,111000
3,1,79200
3,2,220000
3,2,170000
3,2,195500
3,2,141300
3,2,139810
3,2,95325
3,2,258700
3,2,146600
3,1,190000
3,1,160000
3,0,90000
3,0,65000
3,1,160000
3,1,130000
3,1,85000
3,1,65000
3,2,143800
3,2,95800
3,1,166000
3,1,73100
3,1,114000
3,1,72000
3,1,102500
3,2,258700
3,2,160000
3,2,203649
3,2,183284
3,1,60462
3,0,33220
3,1,81800
3,1,70800
3,2,130000
3,2,80850
3,2,215000
3,2,146900
3,2,242000
3,2,106200
3,1,165000
3,1,135000
3,0,75065
3,0,41419
3,2,145000
3,2,120000
3,2,184000
3,2,112000
3,2,275000
3,2,170000
3,0,100000
3,0,70000
3,1,55368
3,1,30760
3,1,135700
3,1,108560
3,2,300000
3,2,180000
3,2,189000
3,2,118100
3,2,148300
3,2,84700
3,0,40581
3,0,38629
3,2,275000
3,2,121200
3,1,149925
3,1,91260
3,2,86128
3,2,74562
3,2,277000
3,2,173000
3,2,242000
3,2,106200
3,1,68902
3,1,49216
3,2,250900
3,2,135200
3,2,187415
3,2,114080
3,1,220000
3,1,137500
3,1,119000
3,1,52100
3,2,120000
3,2,102000
3,0,64000
3,0,60000
3,1,179000
3,1,112000
3,0,65000
3,0,54000
3,1,119000
3,1,52100
3,1,152000
3,1,99000
3,3,110736
3,3,92280
3,2,250000
3,2,140000
3,0,113800
3,0,63200
3,2,210000
3,2,160000
3,1,170000
3,2,247600
3,2,127300
3,1,125000
3,1,100000
3,2,140000
3,2,247300
3,2,139700
3,2,192000
3,2,138240
3,2,170000
3,2,130000
3,2,100000
3,2,90000
3,2,170000
3,1,186000
3,1,81800
3,2,180514
3,2,108308
3,2,166000
3,2,73100
3,1,115950
3,1,69570
3,2,142300
3,2,71200
3,1,179000
3,1,106500
3,2,119200
3,2,86600
3,2,140544
3,2,82673
3,2,108350
3,2,78800
3,2,162540
3,2,87570
3,2,213600
3,2,103200
3,1,140000
3,1,90000
3,1,212000
3,1,93300
3,1,222200
3,1,136000
3,1,157000
3,1,144000
3,2,210000
3,2,160000
3,2,179000
3,2,112000
3,2,221300
3,2,147500
3,2,179000
3,2,112000
3,2,116000
3,2,90000
3,1,130400
3,1,74500
3,2,207700
3,2,133700
3,2,120000
3,2,100000
3,2,247500
3,2,172200
3,1,140000
3,1,90000
3,2,260000
3,2,230000
3,2,130000
3,2,110000
3,1,110000
3,1,90000
3,1,310000
3,1,245000
3,1,210000
3,1,160000
3,1,85000
3,1,75000
3,2,280000
3,2,196000
3,1,212000
3,1,93300
3,2,230000
3,2,115000
3,1,75000
3,1,70000
3,2,233500
3,2,137500
3,1,166000
3,1,73100
3,2,176875
3,2,84750
3,2,251250
3,2,120750
3,1,106050
3,1,80420
3,1,120000
3,1,147400
3,1,107682
3,2,145000
3,2,95000
3,0,80000
3,0,50000
3,2,175000
3,2,150000
3,0,32974
3,2,178600
3,2,67200
3,0,118750
3,0,106875
3,2,186000
3,2,81800
3,1,142000
3,1,128000
3,2,140130
3,2,84870
3,2,262000
3,2,186000
3,1,58500
3,0,59059
3,0,47985
3,2,93918
3,2,51962
3,1,120000
3,1,100000
3,2,205670
3,2,124233
3,2,173000
3,2,140000
3,2,291500
3,2,180200
3,0,28299
3,2,185000
3,2,152000
3,2,255800
3,2,170600
3,2,146850
3,2,106800
3,1,200000
3,1,117000
3,1,151700
3,1,63000
3,0,43000
3,2,239900
3,2,159900
3,0,162240
3,0,47840
3,2,130410
3,2,92000
3,2,270250
3,2,144000
3,2,176875
3,2,84750
3,1,92000
3,1,69000
3,2,184800
3,2,107100
3,2,333500
3,2,176000
3,2,257400
3,2,138600
3,1,242100
3,1,116200
3,2,230000
3,2,210000
3,2,114300
3,2,89600
3,0,85000
3,0,65000
3,2,266875
3,2,128250
3,1,280000
3,1,200000
3,1,180000
3,2,178492
3,2,89246
3,2,245000
3,2,150000
3,2,155000
3,2,145000
3,2,165000
3,2,130000
3,2,280889
3,2,187259
3,1,130000
3,1,120000
3,1,185000
3,1,125000
3,2,196900
3,2,186700
3,2,260000
3,2,192000
3,1,205600
3,1,105700
3,1,75000
3,2,230000
3,2,140000
3,0,149800
3,0,85600
3,2,218000
3,2,152600
3,1,185000
3,1,165000
3,2,224880
3,2,121500
3,2,129000
3,2,46200
3,2,272400
3,2,155600
3,1,750000
3,1,150000
3,0,115000
3,0,95000
3,1,750000
3,1,150000
3,2,351000
3,2,171000
3,2,272000
3,2,170000
3,2,176000
3,2,158000
3,2,135000
3,2,125000
3,1,110000
3,1,80000
3,2,270000
3,2,232200
3,1,107000
3,1,87300
3,2,230000
3,2,140000
3,1,61800
3,2,300000
3,2,195000
3,2,204500
3,2,142200
3,1,107500
3,1,96750
3,1,153800
3,1,96000
3,2,204500
3,2,142200
3,2,190100
3,2,131414
3,2,195500
3,2,141300
3,2,165500
3,2,119600
3,2,235000
3,2,169900
3,1,235000
3,1,169900
3,2,200000
3,2,135000
3,2,210000
3,2,151800
3,2,215500
3,2,155800
3,2,305600
3,2,188200
3,2,180500
3,2,96200
3,0,75000
3,0,47500
3,2,201700
3,2,146600
3,1,133000
3,1,58400
3,2,120000
3,2,144300
3,2,104800
3,2,115920
3,2,84000
3,2,146850
3,2,106800
3,0,92280
3,0,79976
3,1,133000
3,1,58300
3,2,137300
3,2,59200
3,1,165000
3,1,147500
3,2,130410
3,2,92000
3,2,156150
3,2,113400
3,2,226000
3,2,211000
3,2,197500
3,2,132500
3,1,109000
3,1,62000
3,2,110000
3,2,70000
3,2,238000
3,2,176000
3,2,151250
3,2,96800
3,1,109000
3,1,62000
3,1,162000
3,1,108000
3,1,189000
3,1,118100
3,0,126000
3,0,93000
3,2,160000
3,2,150000
3,3,237500
3,3,157500
3,2,145000
3,2,100000
3,2,89000
3,2,76000
3,2,263100
3,2,126300
3,2,319000
3,2,221000
3,2,200000
3,1,220000
3,1,190000
3,1,86128
3,1,55926
3,2,116700
3,2,93400
3,1,100000
3,1,95000
3,2,151000
3,2,95000
3,2,247000
3,2,152000
3,2,268000
3,2,137500
3,2,150000
3,2,80000
3,2,187100
3,2,107600
3,2,184800
3,2,161900
3,2,212000
3,2,93300
3,2,184000
3,2,96000
3,1,127900
3,1,85300
3,1,204000
3,1,112500
3,2,220000
3,2,137500
3,1,204500
3,1,142200
3,1,150000
3,1,80000
3,2,175000
3,2,150000
3,2,116000
3,2,110000
3,0,132000
3,0,104000
3,2,175000
3,2,141000
3,2,198000
3,2,151000
3,0,83000
3,0,150000
3,1,204500
3,1,142200
3,2,185000
3,2,130000
3,2,250000
3,2,125000
3,2,81500
3,2,120500
3,2,64781
3,2,41027
3,3,218000
3,3,168000
3,1,119200
3,1,86600
3,2,184800
3,2,161900
3,1,128600
3,1,100000
3,0,162240
3,0,47840
3,2,205500
3,2,128500
3,2,164000
3,2,117000
3,2,142352
3,2,95325
3,1,47238
3,1,42030
3,1,247500
3,1,172200
3,0,47238
3,0,42030
3,2,61520
3,2,40603
3,1,134000
3,1,90000
3,2,204000
3,2,163200
3,2,168000
3,2,143000
3,2,142352
3,2,95325
3,2,105000
3,2,150000
3,2,125000
3,0,131000
3,0,54400
3,0,120000
3,0,50000
3,2,170000
3,2,359170
3,2,295490
3,0,102000
3,0,92000
3,0,132567
3,0,96412
3,2,230000
3,1,110000
3,2,172800
3,2,110000
3,2,135842
3,2,98794
3,2,331640
3,2,267720
3,2,266450
3,2,177700
3,0,350000
3,0,250000
3,1,155000
3,1,125000
3,2,278700
3,2,159300
3,1,171000
3,1,151000
3,1,100000
3,1,80000
3,2,174990
3,2,132624
3,1,166000
3,1,73100
3,2,212000
3,2,93300
3,2,210100
3,2,95500
3,2,184600
3,2,99400
3,2,205000
3,2,155400
3,1,169000
3,1,105500
3,1,113563
3,1,102927
3,1,90500
3,1,42400
3,2,234000
3,2,146000
3,1,128167
3,1,85445
3,2,93400
3,1,172300
3,1,86100
3,1,138000
3,1,86000
3,0,179000
3,0,112000
3,2,700000
3,2,150000
3,2,122000
3,2,94000
3,2,122000
3,2,94000
3,2,225000
3,2,180000
3,2,165000
3,2,122445
3,2,154101
3,2,100758
3,1,84000
3,1,48000
3,2,275000
3,2,187000
3,1,212800
3,1,124100
3,0,130000
3,0,80000
3,2,240810
3,2,126800
3,2,145000
3,2,135000
3,2,222000
3,2,132000
3,2,250000
3,2,170000
3,2,250000
3,2,150000
3,0,49216
3,0,43064
3,2,94000
3,2,110000
3,2,70000
3,2,245000
3,2,185000
3,2,207900
3,2,158400
3,2,138000
3,2,86000
3,2,135800
3,2,95100
3,2,190000
3,2,160000
3,2,260000
3,2,136000
3,2,180000
3,2,166375
3,2,212800
3,2,115100
3,1,60000
3,1,48000
3,1,60000
3,1,55000
3,2,205500
3,2,132500
3,1,223600
3,1,115000
3,1,165000
3,1,150000
3,0,62000
3,0,49000
3,2,160000
3,2,140000
3,0,106100
3,0,74300
3,0,54137
3,0,43925
3,2,245000
3,2,185000
3,1,132300
3,1,93000
3,2,234000
3,2,146000
3,2,96600
3,2,55200
3,0,83300
3,0,99300
3,0,82800
3,2,145000
3,2,110841
3,1,101000
3,1,50000
3,2,182500
3,2,121700
3,2,134500
3,2,91460
3,2,150000
3,0,41827
3,0,37944
3,0,75753
3,0,47423
3,2,130000
3,2,110000
3,2,124935
3,2,76050
3,2,286000
3,2,143000
3,1,106400
3,1,70000
3,2,243600
3,2,148200
3,0,131600
3,0,82400
3,2,245700
3,2,132300
3,0,155750
3,0,79350
3,2,234000
3,2,117000
3,2,242000
3,2,106200
3,2,123900
3,2,75000
3,1,136500
3,1,123500
3,2,227500
3,2,145600
3,2,186754
3,2,101000
3,0,149800
3,0,70800
3,1,132000
3,1,111000
3,1,162000
3,2,150000
3,2,172700
3,2,82900
3,2,115000
3,2,95000
3,1,238000
3,1,144500
3,2,145000
3,2,98500
3,1,209300
3,1,123800
3,0,18000
3,0,130400
3,0,70800
3,1,75000
3,2,300000
3,2,200000
3,2,254900
3,2,203920
3,2,191200
3,2,170186
3,3,200000
3,3,150000
3,2,247300
3,2,139700
3,2,90000
3,2,198000
3,2,94000
3,2,219100
3,2,118500
3,2,128000
3,0,60000
3,0,48000
3,3,234000
3,3,146000
3,1,130100
3,1,166500
3,1,104000
3,1,166000
3,1,73100
3,0,98000
3,0,73000
3,2,183540
3,2,132000
3,1,240000
3,1,133000
3,2,273500
3,2,182500
3,0,92280
3,0,67672
3,2,240960
3,2,176000
3,1,130000
3,2,123040
3,2,92280
3,0,162240
3,0,47840
3,1,296980
3,1,123740
3,2,247250
3,2,160000
3,0,91875
3,0,55125
3,2,220000
3,2,146000
3,2,200000
3,2,115000
3,2,370000
3,1,72000
3,1,185000
3,1,79600
3,2,125000
3,2,175000
3,2,235000
3,2,185000
3,2,128000
3,3,350000
3,3,268000
3,0,100000
3,0,80000
3,2,234485
3,2,112655
3,2,146000
3,1,199700
3,1,70800
3,0,99900
3,2,158000
3,2,90300
3,2,266500
3,2,152000
3,0,70000
3,0,60000
3,2,187200
3,2,140400
3,2,156400
3,2,190900
3,2,109100
3,2,98500
3,0,195200
3,0,100400
3,1,125000
3,1,100000
3,1,181700
3,1,64300
3,2,185900
3,2,129300
3,0,85000
3,0,80000
3,2,120000
3,2,52100
3,2,219000
3,2,152000
3,1,158000
3,1,90300
3,2,175000
3,1,260000
3,2,152375
3,2,94000
3,2,82000
3,2,77000
3,2,196000
3,2,264846
3,2,143060
3,0,203000
3,0,89030
3,0,160800
3,0,92700
3,2,62000
3,2,51000
3,0,137500
3,0,100000
3,2,73824
3,2,49216
3,0,50000
3,1,154800
3,1,76300
3,2,240000
3,2,200000
3,1,55368
3,1,49216
3,2,240000
3,1,190000
3,1,150000
3,3,465000
3,3,385000
3,1,240000
3,2,116300
3,2,84600
3,2,129700
3,2,86500
3,0,73824
3,0,61520
3,2,225300
3,2,197400
3,1,55368
3,1,30760
3,2,266000
3,2,152000
3,2,224000
3,2,165000
3,2,255000
3,2,169000
3,1,169000
3,1,91000
3,2,136500
3,2,248100
3,2,145900
3,2,185100
3,2,133300
3,1,95000
3,1,70000
3,1,115000
3,2,220000
3,0,79976
3,1,95012
3,2,186000
3,2,81800
3,1,224400
3,1,138700
3,3,210000
3,3,168000
3,2,224400
3,2,138700
3,1,43064
3,1,36912
3,2,300000
3,1,140000
3,1,120000
3,1,155000
3,1,110000
3,2,273400
3,2,182200
3,2,167500
3,2,106500
3,2,185900
3,2,129300
3,2,122000
3,2,94500
3,2,176000
3,2,223400
3,2,186200
3,2,167500
3,2,106500
3,0,72000
3,0,64000
3,2,179820
3,2,143860
3,2,283050
3,2,188700
3,2,141298
3,2,115607
3,2,266500
3,2,144400
3,2,71363
3,2,55368
3,2,287500
3,2,156000
3,1,70000
3,2,199000
3,2,162000
3,1,170884
3,1,113923
3,1,184000
3,1,123000
3,2,235750
3,2,174250
3,1,118800
3,2,225000
3,1,213900
3,1,116800
3,1,150000
3,1,100000
3,1,155000
3,1,120000
3,2,226700
3,2,133300
3,2,184000
3,2,123000
3,2,117000
3,2,160000
3,2,140000
3,1,73000
3,1,104000
3,2,116000
3,1,220000
3,1,180000
3,2,215000
3,1,253000
3,1,131000
3,0,49216
3,0,36912
3,2,147000
3,1,186000
3,1,161000
3,2,205000
3,2,137000
3,2,172000
3,1,148000
3,1,99000
3,0,105000
3,2,99000
3,2,52500
3,2,180514
3,2,108308
3,2,210000
3,2,147000
3,2,290300
3,2,196685
3,2,220000
3,2,176000
3,1,175000
3,1,130000
3,2,185000
3,2,150000
3,2,115000
3,0,133000
3,0,58300
3,1,110244
3,1,39372
3,0,43187
3,0,31310
3,2,75577
3,2,303387
3,2,100017
3,2,230300
3,2,124935
3,2,76050
3,2,224800
3,2,131100
3,2,258000
3,2,171000
3,2,121000
3,2,195800
3,2,171500
3,1,166000
3,1,73100
3,1,160000
3,0,85000
3,0,65000
3,1,220000
3,2,152000
3,2,48585
3,2,38868
3,1,220000
3,1,100000
3,2,110000
3,2,80000
3,2,36912
3,2,150200
3,2,71000
3,2,167200
3,2,133000
3,2,58400
3,1,135000
3,1,104584
3,1,73824
3,1,166000
3,1,73100
3,2,306400
3,2,168700
3,0,32974
3,2,165000
3,2,140000
3,1,700000
3,1,150000
3,1,167000
3,1,121000
3,2,190200
3,2,95100
3,0,133000
3,0,58400
3,2,135000
3,2,100000
3,2,294000
3,2,192000
3,2,266000
3,2,167000
3,2,150000
3,0,163800
3,0,88200
3,2,180400
3,2,138800
3,1,67672
3,1,55368
3,2,206000
3,2,215000
3,2,142000
3,2,266000
3,2,167000
3,1,178300
3,1,105400
3,2,142000
3,2,210000
3,1,750000
3,1,150000
3,2,145000
3,2,128000
3,2,154000
3,2,126000
3,2,240000
3,2,157250
3,3,219650
3,3,136000
3,1,180000
3,2,247600
3,2,127300
3,1,250000
3,2,190000
3,2,202600
3,2,168800
3,2,203000
3,2,127000
3,1,125009
3,1,83339
3,2,112200
3,2,91800
3,2,161952
2,0,133000
2,0,58300
3,2,254000
3,2,159000
3,2,85000
3,1,130500
3,1,116000
3,0,81400
3,0,43500
3,1,92000
3,2,166000
3,2,73100
3,2,190000
3,2,165000
3,2,305600
3,2,146600
3,2,275000
3,2,146400
3,2,208500
3,2,165000
3,2,258700
3,2,172500
3,2,198200
3,2,110200
3,2,166000
3,2,73100
3,2,212000
3,2,93300
3,2,212000
3,2,93300
3,1,167100
3,1,111400
3,0,166000
3,0,73100
3,3,170000
3,3,145000
3,2,170000
3,2,135000
3,2,139810
3,2,95325
3,2,226700
3,2,151100
3,2,188000
3,2,139000
3,2,750000
3,1,127000
3,1,65000
3,2,276000
3,2,174000
3,3,250000
3,3,210000
3,3,212000
3,3,190000
3,2,261500
3,2,134500
3,2,239000
3,2,122900
3,2,158500
3,2,115000
3,2,331640
3,2,267720
3,2,180000
3,2,90000
3,1,83000
3,1,66000
3,2,224250
3,2,121550
3,1,109000
3,2,205400
3,2,92900
3,0,220000
3,0,130000
3,2,186030
3,2,110200
3,1,130000
3,1,242000
3,1,106200
3,3,220000
3,3,120000
3,0,91200
3,0,58200
3,2,178000
3,2,210000
3,0,160000
3,0,150000
3,2,206000
3,2,134000
3,2,180000
3,2,135000
3,2,200000
3,2,120000
3,1,106700
3,1,57700
3,2,266400
3,2,173300
3,2,165600
3,2,65800
3,1,210400
3,1,170500
3,2,185400
3,2,81536
3,2,193000
3,2,158000
3,1,95000
3,1,115000
3,1,105000
3,2,161900
3,1,80000
3,2,192500
3,1,100000
3,1,75000
3,2,216600
3,2,166000
3,2,73100
3,2,336300
3,2,179000
3,2,296400
3,2,159600
3,2,258500
3,2,226500
3,2,247250
3,2,118400
3,1,160000
3,1,140000
3,2,93400
3,2,172256
3,2,123040
3,2,219000
3,2,132000
3,2,130500
3,2,116000
3,2,323300
3,2,184700
3,2,250000
3,1,136000
3,1,91000
3,2,143000
3,2,78000
3,0,135000
3,0,110000
3,1,142000
3,1,102200
3,2,202000
3,2,147000
3,2,170625
3,2,127950
3,1,123040
3,1,86128
3,0,85256
3,0,71615
3,0,100000
3,1,100000
3,3,185000
3,3,125000
3,0,60000
3,0,52000
3,2,260000
3,2,225000
3,2,100000
3,2,80000
3,2,204500
3,2,142200
3,2,297300
3,2,198200
3,2,185000
3,2,79600
3,2,222200
3,2,95000
3,2,324000
3,2,159000
3,1,71000
3,1,57000
3,1,59000
3,2,234000
3,2,208000
3,2,187000
3,2,128000
1,1,50000
3,1,64781
3,0,57223
0,1,21000
3,1,135000
3,1,120000
3,1,150000
3,1,140000
3,2,280000
3,2,190000
3,1,43064
3,1,90000
3,1,80000
3,1,58300
3,2,145640
3,2,84400
3,2,190000
3,2,107500
3,2,98000
3,2,236160
3,2,159408
3,2,115000
3,2,85000
3,2,145000
3,2,120000
3,2,120350
3,2,74400
3,2,158494
3,2,88052
3,2,181500
3,2,127000
3,1,300000
3,1,260000
3,0,25000
3,2,205500
3,2,128500
3,2,191600
3,2,125600
3,1,130410
3,1,92000
3,2,183900
3,2,108800
3,2,121200
3,2,231250
3,2,111000
3,1,210500
3,1,105300
3,1,158400
3,1,85800
3,2,156100
3,2,100400
3,2,134200
3,2,103200
3,1,95400
3,1,57800
3,1,86000
3,3,125000
3,3,87500
3,2,133200
3,2,84000
3,2,171000
3,2,93000
3,2,216450
3,2,123750
3,2,212800
3,2,124100
3,1,205000
3,2,231650
3,2,189100
3,2,120000
3,2,266875
3,2,128250
3,1,158600
3,1,115300
3,2,225300
3,2,197400
3,0,109900
3,0,61200
3,2,161000
3,2,75000
3,1,166000
3,1,73100
3,1,138510
3,1,95490
3,1,150000
3,2,232200
3,2,133300
3,2,121788
3,2,79032
3,2,178250
3,2,110500
3,2,190000
3,2,160000
3,2,216000
3,2,184000
3,2,166000
3,2,104000
3,2,230000
3,1,165600
3,1,65800
3,2,82500
3,2,247250
3,2,169000
3,2,105500
3,2,195800
3,2,108500
3,2,225000
3,2,166000
3,1,160000
3,1,110000
3,2,120000
3,2,105000
3,1,87500
3,3,135000
3,3,100000
3,1,105000
3,1,95000
3,2,289800
3,2,214200
3,1,167500
3,1,106500
3,2,81500
3,2,370000
3,2,175000
3,2,160000
3,0,240000
3,0,100000
3,2,143000
3,2,127000
3,1,249300
3,1,149300
3,2,248100
3,2,145900
3,2,170200
3,2,83900
3,2,166000
3,2,90000
3,2,94100
3,2,226600
3,2,140100
3,2,156000
3,2,124000
3,2,132600
3,2,308000
3,2,190400
3,2,155000
3,2,136000
3,2,75000
3,2,214500
3,2,132600
3,1,111000
3,1,104000
3,1,85000
3,2,180250
3,2,118000
3,2,212800
3,2,111600
3,2,157500
3,2,132500
3,2,171000
3,2,152000
3,2,223600
3,2,115000
3,1,140000
3,1,110000
3,1,130900
3,1,72700
3,2,333500
3,2,144000
3,2,118200
3,2,354200
3,2,221800
3,2,73000
3,2,156600
3,2,137200
3,1,149000
3,1,65300
3,1,187000
3,2,119636
3,2,70374
3,2,67000
3,2,102000
3,2,94770
3,0,133000
3,0,58400
3,2,169900
3,2,164100
3,0,37573
3,0,36940
3,2,180240
3,2,120160
3,1,93400
3,2,119000
3,2,71400
3,2,225100
3,2,140900
3,1,179000
3,1,144000
3,0,250800
3,0,167200
3,1,144000
3,1,76000
3,3,230000
3,3,180000
3,0,156450
3,0,119200
3,2,150000
3,2,130000
3,3,247500
3,3,172200
3,2,97500
3,3,220000
3,3,185000
3,2,303050
3,2,202350
3,0,21593
3,2,201650
3,2,124600
3,1,89500
3,1,65000
3,2,328400
3,2,205600
3,0,85000
3,0,61800
3,1,70748
3,1,67056
3,0,116000
3,0,72500
3,2,169850
3,2,147400
3,2,107682
3,1,225300
3,1,197400
3,2,136000
3,2,204600
3,2,126500
3,2,210000
3,0,86500
3,0,40400
3,2,329700
3,2,192351
3,2,280000
3,1,106700
3,1,97000
3,2,175000
3,0,88000
3,2,123000
3,2,93593
3,2,222405
3,2,172800
3,2,205600
3,2,105700
3,2,263500
3,2,189360
3,2,192000
3,2,124000
3,2,230000
3,2,124000
3,2,148500
3,2,82500
3,2,184800
3,2,310000
3,2,372000
3,2,223000
3,1,148500
3,1,82500
3,2,233500
3,2,146000
3,2,305100
3,2,146900
3,0,78800
3,0,44100
3,1,166000
3,1,73100
3,2,80000
3,2,80000
3,2,202800
3,2,104300
3,3,272400
3,3,140100
3,1,154000
3,1,103000
3,1,80750
3,1,48450
3,0,85600
3,0,57000
3,2,190400
3,2,119636
3,2,70374
3,2,304750
3,1,98873
3,1,58161
3,2,138000
3,2,85500
3,2,307100
3,2,216800
3,2,153600
3,2,106800
3,1,250000
3,2,180000
3,3,160000
3,3,130000
3,2,162000
3,2,164640
3,2,131712
3,1,74800
3,1,63600
3,1,92280
3,1,67672
3,2,253792
3,2,158620
3,2,259900
3,2,139200
3,2,118118
3,2,79976
3,2,293000
3,2,185000
3,2,115500
3,1,142000
3,1,102000
3,2,141600
3,2,121400
3,2,240000
3,1,55000
3,1,49000
3,3,246080
3,3,184560
3,2,168000
3,0,105000
3,2,243000
3,2,152000
3,2,79976
3,2,115600
3,2,79700
3,0,281700
3,0,141100
3,2,173100
3,2,86900
3,1,258700
3,1,133800
3,1,225300
3,1,197400
3,2,157000
3,2,208000
3,2,134000
3,1,65000
3,1,49216
3,1,73400
3,2,183414
3,2,97200
3,2,299000
3,2,187000
3,2,66000
3,1,170200
3,1,83900
3,2,101570
3,2,177000
3,2,118000
3,2,234500
3,2,127000
3,2,114979
3,2,287500
3,2,155000
3,2,153000
3,2,136000
3,2,254000
3,2,214500
3,2,134500
3,2,104000
3,1,143000
3,1,117000
3,1,73824
3,2,370000
3,2,200000
3,2,275300
3,2,183500
3,2,230000
3,2,196000
3,2,253000
3,2,172040
3,2,178000
3,2,164000
3,1,109238
3,1,68274
3,1,57223
3,1,51824
3,0,80800
3,0,53800
3,2,258900
3,2,176080
3,1,110000
3,2,309000
3,1,65000
3,1,60000
3,2,132100
3,2,68400
3,2,160000
3,2,140000
3,1,62500
3,2,142000
3,2,128000
3,2,155000
3,2,139500
3,2,129000
3,2,259000
3,2,138750
3,2,155000
3,2,130000
3,2,215000
3,2,182750
3,2,207000
3,2,141000
3,0,36000
3,1,300000
3,1,116700
3,1,93400
3,1,179000
3,1,176490
3,2,195000
3,2,143750
3,1,180000
3,2,199000
3,2,196760
3,2,90000
3,2,70000
3,2,324000
3,2,159000
3,2,222000
3,0,50000
3,2,70179
3,1,110000
3,1,75000
3,1,46426
3,1,38868
3,2,80000
3,2,126500
3,2,78000
3,0,60207
3,3,250000
3,3,222000
3,1,204500
3,1,142200
3,2,297000
3,2,138000
3,1,147600
3,1,106300
3,2,102586
3,2,79981
3,2,131250
3,2,128100
3,3,174500
3,3,113000
3,0,56500
3,2,38868
3,2,227000
3,1,230000
3,1,160000
3,2,138300
3,2,110700
3,2,130000
3,2,212175
3,2,156000
3,1,111151
3,1,66691
3,2,138700
3,2,95040
3,2,59400
3,2,197802
3,2,156453
3,2,308000
3,2,144000
3,2,172000
3,2,140000
3,1,89819
3,1,72593
3,2,122400
3,1,80000
3,1,70000
3,2,90000
3,2,147500
3,1,50000
3,1,73824
3,1,55368
3,2,220000
3,2,180000
3,1,190000
3,1,50000
3,1,172200
3,1,131200
3,2,250000
3,2,100000
3,2,155000
3,2,280000
3,2,200000
3,1,73824
3,1,67672
3,2,290000
3,2,173200
3,2,204000
3,2,300000
3,2,222000
3,2,155000
3,2,105000
3,2,287500
3,2,212500
3,2,190027
3,2,152022
3,0,19434
3,1,131000
3,1,88000
3,2,198000
3,2,132000
3,2,125000
3,2,115000
3,2,145000
3,2,130000
3,2,170700
3,2,113900
3,2,185000
3,2,81000
3,2,123000
3,3,80000
3,3,75000
3,1,53000
3,1,48000
3,1,369120
3,1,73824
3,1,125000
3,2,194000
3,2,175000
3,2,185000
3,2,160000
3,2,50000
3,3,70000
3,0,130916
3,0,120000
3,2,218213
3,2,178538
3,2,316000
3,2,202000
3,2,189750
3,2,119213
3,2,162000
3,2,130000
3,2,170200
3,2,83900
3,2,250944
3,2,205318
3,2,125000
3,2,114000
3,2,218213
3,2,178538
3,2,163200
3,2,258800
3,2,199200
3,2,215625
3,2,159375
3,2,203000
3,2,133000
3,2,272400
3,2,140100
3,2,282000
3,2,208000
3,2,93919
3,2,118800
3,2,75000
3,2,159350
3,2,130100
3,2,262000
3,2,205218
3,2,136743
3,2,185000
3,2,94600
3,2,160000
3,2,107000
3,2,264400
3,2,176300
3,2,275000
3,2,175000
3,0,76000
3,1,53984
3,1,43187
3,1,150000
3,1,125000
3,2,169500
3,1,180000
3,1,120000
3,2,297300
3,2,198200
3,2,138900
3,2,110400
3,2,68000
3,1,260600
3,0,63750
3,0,46400
3,2,214872
3,2,186846
3,1,70600
3,1,149500
3,1,127075
3,2,111000
3,2,280000
3,2,182750
3,2,196000
3,2,142600
3,2,193000
3,2,110000
3,2,80000
3,2,70000
3,3,250000
3,3,225000
3,1,61520
3,1,49216
3,2,205000
3,2,240000
3,2,220000
3,2,297300
3,2,198200
3,2,156000
3,2,196500
3,2,97300
3,2,164000
3,2,227700
3,2,154836
3,1,285000
3,1,190000
3,1,405000
3,1,270000
3,1,214300
3,1,108500
3,1,145000
3,1,115000
3,1,130000
3,1,113000
3,2,194500
3,2,110250
3,2,295000
3,2,177300
3,1,44294
3,2,192000
3,2,164000
3,0,220000
3,0,187000
3,3,353200
3,3,249300
3,2,79000
3,2,131000
3,2,220000
3,2,163000
3,2,107400
3,2,101500
3,1,80976
3,1,300000
3,1,100000
3,2,175000
3,2,276000
3,2,184000
3,2,167000
3,2,144000
3,2,96000
3,2,116000
3,2,161000
3,2,116300
3,2,175564
3,2,144854
3,2,225000
3,2,166000
3,2,190000
3,2,151300
3,2,126100
3,2,190000
3,2,152000
3,3,180000
3,2,113000
3,2,90400
3,2,204300
3,2,139000
3,2,124000
3,2,157000
3,2,212800
3,2,111600
3,2,183000
3,2,147000
3,2,169000
3,2,91000
3,2,160000
3,1,70900
3,2,128000
3,1,275000
3,1,243000
3,1,96313
3,1,48585
3,1,43187
3,2,204000
3,2,127500
3,2,145500
3,2,108000
3,2,206000
3,2,175100
3,2,122500
3,1,130000
3,1,217000
3,1,192000
3,2,90000
3,2,60000
3,2,350000
3,2,168000
3,2,234900
3,2,113500
3,2,385000
3,2,255000
3,2,170200
3,2,83900
3,2,202500
3,2,177500
3,2,155000
3,2,130000
3,2,240000
3,2,170200
3,2,83900
3,2,300000
3,2,300000
3,2,150000
3,2,213600
3,2,103200
3,2,230000
3,2,153000
3,2,127500
3,1,250000
3,2,385000
3,2,310000
3,2,88000
3,2,158000
3,2,108000
3,2,310000
3,2,129192
3,2,98432
3,1,369120
3,1,40680
3,2,306000
3,2,204000
3,1,75577
3,0,18000
3,1,369120
3,3,270000
3,3,200000
3,1,92280
3,2,188600
3,2,111550
3,2,360000
3,2,240000
3,2,129100
3,2,111400
3,2,242921
3,2,170045
3,1,154800
3,1,76300
3,2,178600
3,2,88600
3,2,207345
3,2,180300
3,2,205000
3,2,167500
3,2,228045
3,2,198300
3,1,78125
3,1,40423
3,2,140000
3,2,100000
3,1,125000
3,1,120000
3,2,127000
3,2,99000
3,2,194500
3,2,132320
3,2,223602
3,2,143520
3,2,180000
3,2,140000
3,2,121809
3,2,83667
3,2,103000
3,3,140000
3,3,100000
3,2,296100
3,2,144500
3,2,118600
3,2,96800
3,1,48585
3,2,99500
3,2,53300
3,2,172000
3,2,125000
3,2,250000
3,2,245000
3,2,234900
3,2,68400
3,2,172000
3,2,125000
3,2,139600
3,2,85700
3,0,100000
3,2,330000
3,2,188000
3,2,238000
3,2,156000
3,2,106000
3,2,172256
3,2,123040
3,2,269100
3,2,131300
3,2,220000
3,2,73824
3,2,61520
3,1,252990
3,1,162170
3,2,260000
3,2,235000
3,2,190000
3,2,145000
3,2,212800
3,2,111600
3,2,194521
3,2,176838
3,3,200000
3,3,170000
3,2,191765
3,2,134236
3,2,198800
3,2,90700
3,1,130000
3,1,115000
3,1,42107
3,1,200000
3,1,115500
3,1,73500
3,2,109000
3,2,221000
3,2,180000
3,2,233300
3,2,155500
3,2,306000
3,2,117500
3,2,86720
3,3,90000
3,3,70000
3,2,135000
3,2,110000
3,2,208450
3,2,151600
3,2,324000
3,2,159000
3,1,155000
3,2,223250
3,2,156275
3,2,220000
3,2,245000
3,2,185000
3,1,67500
3,1,46500
3,1,43187
3,1,78000
3,2,178200
3,2,115000
3,1,204000
3,1,143000
3,1,95000
3,2,156400
3,2,168000
3,2,112000
3,2,253430
3,2,212780
3,2,265800
3,2,165500
3,2,193000
3,2,134000
3,2,180000
3,2,150000
3,1,120681
3,1,72409
3,2,139750
3,2,260000
3,2,192000
3,2,272290
3,2,169374
3,2,195000
3,2,204500
3,2,142200
3,1,17000
3,2,181500
3,2,112200
3,1,150000
3,1,100000
3,2,250500
3,2,166600
3,2,223290
3,2,131310
1,0,44753
3,0,35000
3,2,53984
3,2,204500
3,2,142200
3,2,220000
3,2,140000
3,2,135960
3,2,70960
3,2,128750
3,2,86250
3,2,110736
3,2,92280
3,0,130000
3,0,20673
3,2,73824
3,2,61520
3,1,85000
3,1,80000
3,1,70000
3,2,105000
3,2,80000
3,2,150000
3,2,95000
3,2,204750
3,2,153550
3,2,141000
3,2,120000
3,2,207611
3,2,127876
3,1,170000
3,1,144500
3,2,255360
3,2,212800
3,2,106400
3,2,81800
3,1,130000
3,1,69139
3,1,100631
3,1,80505
3,2,300105
3,2,151090
3,1,217600
3,1,145000
3,1,79976
3,2,129000
3,2,185000
3,2,50000
3,2,108000
3,1,59500
3,2,173400
3,2,215000
3,2,153000
3,2,210398
3,2,147648
3,2,60000
3,1,54000
3,2,202000
3,2,132000
3,1,73824
3,1,81206
3,3,330000
3,3,188000
3,1,110000
3,2,190000
3,2,170000
3,2,150000
3,2,125000
3,2,105000
3,1,73000
3,1,135000
3,3,329500
3,3,269600
3,1,185900
3,1,129300
3,1,146000
3,1,97000
3,2,147100
3,2,90700
3,2,257000
3,2,197000
3,2,120000
3,2,84800
3,1,135344
3,1,98432
3,3,246080
3,3,184560
3,1,53120
3,1,33686
3,2,260000
3,2,340000
3,2,213600
3,2,142400
3,2,207900
3,2,158400
3,2,385000
3,2,200000
3,2,241300
3,2,211949
3,2,115000
3,2,90000
3,1,172200
3,1,131200
3,2,123800
3,2,142500
3,0,34924
3,2,204000
3,3,180000
3,3,160000
3,2,193600
3,2,130838
3,2,225500
3,2,139400
3,2,328133
3,2,218755
3,2,250830
3,2,143370
3,2,260000
3,2,203500
3,2,166500
3,2,148350
3,2,87400
3,2,157550
3,2,104650
3,2,139500
3,2,118575
3,2,129150
3,2,98400
3,1,67672
3,2,98010
3,2,66825
3,2,190000
3,2,170000
3,1,170000
3,1,120000
3,1,229000
3,1,131000
3,2,104584
3,2,92280
3,2,164000
3,2,223800
3,2,172100
3,2,258800
3,2,199200
3,2,185000
3,2,148000
3,2,193600
3,2,119700
3,2,175750
3,2,136742
3,1,257400
3,1,193500
3,2,228856
3,2,144540
3,2,140000
3,2,150600
3,2,120500
3,2,200000
3,1,115500
3,1,73500
3,3,135344
3,3,98432
3,2,172758
3,1,86128
3,1,67672
3,1,51676
3,1,43064
3,2,194992
3,1,140000
3,2,213800
3,2,180300
3,3,375500
3,3,250300
3,2,262269
3,2,230797
3,1,147100
3,1,90700
3,2,185000
3,2,145000
3,2,98432
3,2,62442
3,2,195000
3,2,73500
3,2,185000
3,2,145000
3,2,158900
3,2,132400
3,1,140000
3,1,130000
3,1,100000
3,2,163800
3,2,126000
3,2,111967
3,1,88000
3,2,216027
3,2,101028
3,2,309400
3,2,159100
3,2,174350
3,2,126800
3,2,129000
3,2,95000
3,2,120000
3,0,29691
3,2,130000
3,2,105000
3,2,232200
3,2,119000
3,2,153300
3,2,104244
3,2,145000
3,2,198800
3,2,122600
3,2,181500
3,1,210000
3,2,120000
3,2,385000
3,2,245000
3,1,225000
3,1,175000
3,2,110019
3,2,86682
3,2,131650
3,2,105320
3,2,210000
3,2,151800
3,2,147500
3,2,112500
3,2,163200
3,2,65000
3,2,55000
3,2,165400
3,2,127300
3,2,107968
3,1,32811
3,1,38915
3,1,145000
3,1,126900
3,1,77900
3,1,110736
3,1,92280
3,2,169000
3,2,110600
3,0,24322
3,2,43779
3,0,140000
3,2,195000
3,2,160000
3,2,154000
3,2,82000
3,2,160000
3,2,145000
3,2,239400
3,2,136800
3,2,204500
3,2,142200
3,2,230000
3,2,323300
3,2,184700
3,2,136000
3,2,171250
3,2,113750
3,2,195000
3,1,185900
3,1,129300
3,2,194100
3,2,152300
3,2,190000
3,2,120000
3,2,240000
3,2,157250
3,2,212000
3,2,194400
3,2,132192
3,2,174000
3,2,134000
3,1,38868
3,1,152000
3,2,144700
3,2,85500
3,1,38868
3,3,265800
3,3,177200
3,2,222000
3,2,115920
3,2,64781
3,2,284310
3,2,153090
3,2,204500
3,2,142200
3,1,111000
3,2,213210
3,2,102434
3,2,226600
3,2,140100
3,2,250000
3,0,80000
3,2,233400
3,2,145300
3,2,248000
3,2,149000
3,0,156450
3,0,119200
3,2,120250
3,1,225000
3,1,152700
3,2,64781
3,1,139152
3,1,82452
3,1,85000
3,1,65000
3,2,139000
3,3,200000
3,3,145000
3,2,269500
3,3,295500
3,3,165200
3,1,235000
3,1,135000
3,2,180000
3,2,144000
3,1,43064
3,2,160667
3,1,27568
3,2,304200
3,2,173800
3,1,191765
3,1,134326
3,2,173000
3,2,258384
3,2,153100
3,2,146200
3,2,116960
3,2,370000
3,2,111600
3,2,72000
3,0,90000
3,1,90000
3,1,84000
3,1,110000
3,1,90000
3,2,253000
3,0,115000
3,0,85000
3,2,145900
3,2,95000
3,0,94600
3,0,86000
3,2,72000
3,2,60000
3,2,173650
3,2,113900
3,2,126000
3,2,139500
3,2,110000
3,2,248100
3,2,145900
3,2,220000
3,2,175000
3,3,115000
3,3,110000
3,2,182500
3,2,135000
1,1,35000
3,3,94000
3,1,300000
3,2,91000
3,2,86000
3,2,180000
3,2,97750
3,2,75000
3,0,252990
3,0,162170
3,0,67500
3,1,86128
3,1,61520
3,2,265000
3,2,143000
3,2,126277
3,2,224500
3,2,126900
3,2,227700
3,2,154836
3,2,126000
3,2,209000
3,2,112500
3,1,110000
3,2,370000
3,2,136000
3,2,104000
3,2,214000
3,2,154000
3,2,205000
3,2,157500
3,2,109283
3,2,189000
3,2,137000
3,2,170500
3,2,118575
1,1,97712
3,0,24940
3,2,154500
3,2,131325
3,2,100000
3,2,207500
3,2,172900
3,2,254000
3,2,147100
3,2,90700
3,2,168400
3,2,105200
3,2,237000
3,2,170112
3,1,25912
3,2,134960
3,2,155000
3,2,130000
3,2,105000
3,2,70000
3,2,260000
3,2,234000
3,2,330000
3,2,204000
3,2,167310
3,2,175000
3,2,125000
3,2,325000
3,2,171000
3,2,180000
3,2,137000
3,1,155810
3,1,106720
3,0,160800
3,0,132200
3,2,133000
3,2,113000
3,2,208400
3,2,157550
3,2,104650
3,2,240500
3,2,123700
3,2,78000
3,1,121000
3,1,78000
3,0,85600
3,0,48915
3,1,68000
3,2,53444
3,2,45150
3,2,275500
3,2,206000
3,2,56359
3,2,47799
3,2,102000
3,2,228000
3,2,180000
3,0,16455
3,2,207611
3,2,127876
3,0,111000
3,1,128000
3,1,81500
3,0,43064
3,1,97750
3,2,192000
3,2,92000
3,0,132600
3,0,81500
3,1,202400
3,1,147200
3,2,239000
3,1,54000
3,1,36000
3,2,118720
3,2,157000
3,1,136000
3,2,272300
3,2,222800
3,2,172750
3,2,82500
3,2,281000
3,2,181000
3,2,207611
3,2,127876
3,2,225000
3,2,168000
3,2,280600
3,2,158600
3,2,283780
3,2,218540
3,2,178500
3,2,323300
3,2,184700
3,1,123040
3,1,104584
3,1,185000
3,1,137700
3,1,65100
3,1,44640
3,1,161000
3,1,123000
3,2,200000
3,2,278700
3,2,159300
3,2,125000
3,2,65000
3,1,230000
3,1,175000
3,2,252990
3,2,162170
3,1,183000
3,1,122000
3,2,310270
3,2,239080
3,1,135000
3,2,253000
3,2,172040
3,1,108000
3,2,129562
3,0,50000
3,2,227850
3,2,180500
3,2,350000
3,2,80000
3,2,240000
3,2,160000
3,2,174000
3,2,104000
3,2,275300
3,2,183500
3,2,284050
3,2,193800
3,2,232989
3,0,85000
3,2,204500
3,2,138900
3,2,168400
3,2,105200
3,2,147100
3,2,150550
3,2,116710
3,2,147100
3,2,90700
3,2,147100
3,2,90700
3,2,125000
3,2,100000
3,2,198800
3,2,105200
3,2,150600
3,2,120500
3,2,183000
3,3,167500
3,3,106500
3,2,239000
3,2,149000
3,2,122000
3,1,181500
3,1,127000
3,1,186000
3,1,138000
3,1,185000
3,1,122000
3,2,140000
3,2,112000
3,2,36483
3,2,36000
3,2,91270
3,2,165000
3,3,247000
3,3,118440
3,1,138900
3,2,297300
3,2,198200
3,1,110736
3,2,204500
3,2,138900
3,1,87500
3,1,62500
3,2,244000
3,2,157000
3,2,90600
3,0,49216
3,0,43064
3,2,160000
3,2,91773
3,2,315300
3,2,210200
3,1,177000
3,1,110000
3,1,183200
3,1,122200
3,1,150000
3,2,131000
3,2,101000
3,2,171050
3,2,124400
3,2,187000
3,2,128000
3,2,138000
3,2,92000
3,3,200000
3,2,138000
3,2,92000
3,2,241300
3,2,124100
3,2,185000
3,2,152000
3,2,288000
3,2,107968
3,2,90599
3,2,252000
3,1,82254
3,1,61699
3,3,247500
3,3,172200
3,1,87500
3,1,62500
3,2,146000
3,2,108000
3,2,273000
3,2,166500
3,0,45000
3,2,174000
3,2,189750
3,2,119213
3,2,190000
3,2,140000
3,2,228830
3,2,148590
3,1,140000
3,2,180514
3,2,108308
3,2,220000
3,2,170000
3,2,169000
3,2,110600
3,2,77737
3,2,64311
3,2,78000
3,2,75577
3,2,62433
3,1,64781
3,2,81900
3,2,199000
3,2,162000
3,2,67672
3,2,109500
3,2,240000
3,2,238530
3,2,95000
3,2,82000
3,3,80000
3,2,154700
3,2,118900
3,2,232960
3,2,166400
3,1,156000
3,1,105000
3,2,193000
3,2,143000
3,2,138860
3,2,119610
3,2,205485
3,2,156560
3,2,210600
3,2,135000
3,2,170000
3,1,105000
3,1,135000
3,1,100000
3,1,70132
3,1,51676
3,2,92280
3,2,79976
3,1,15000
3,2,64781
3,2,144100
3,2,89100
3,2,140000
3,2,100000
3,2,193600
3,2,119700
3,3,131721
3,1,180000
3,1,120000
3,2,242000
3,2,134000
3,2,104000
3,2,258800
3,2,199200
3,2,201000
3,2,141100
3,2,94100
3,1,104584
3,2,208500
3,2,165000
3,2,77737
3,2,86374
3,2,169000
3,2,110600
3,1,24322
3,2,130800
3,2,87200
3,1,61520
3,2,238000
3,2,173000
3,3,205785
3,3,123471
3,2,299500
3,2,245100
3,0,40000
3,2,71259
3,2,290000
3,2,226000
3,2,151000
3,2,53120
3,2,38868
3,2,136994
3,2,214500
3,2,278300
3,2,205700
3,2,185900
3,2,167310
3,2,194000
3,2,161000
3,0,32390
3,2,184950
3,2,119250
3,2,136000
3,2,189000
3,2,159090
3,1,82000
3,2,149076
3,2,82365
3,2,194595
3,2,305000
3,2,168000
3,2,78400
3,3,130002
3,3,71908
3,2,212000
3,2,132000
3,1,177000
3,2,148000
3,2,248100
3,2,145900
3,2,155000
3,2,38000
3,2,218000
3,2,235400
3,2,108320
3,2,115934
3,2,81666
3,1,79000
3,2,273400
3,2,182200
3,1,160000
3,1,112000
3,2,285000
3,2,154000
3,1,250000
3,1,125000
3,1,275000
3,1,200000
3,2,177000
3,2,136000
3,2,122720
3,2,231500
3,2,118000
3,3,299500
3,3,249600
3,1,15680
3,2,297000
3,2,138000
3,2,267100
3,2,167200
3,2,188500
3,2,150931
3,2,143250
3,2,231000
3,2,157250
3,2,232000
3,2,277300
3,2,213300
3,2,209000
3,2,184250
3,2,167500
3,1,110736
3,1,92280
3,2,154440
3,2,68550
3,0,90000
3,2,226600
3,2,140100
3,0,49216
3,0,41833
3,2,80000
3,2,52500
3,2,253000
3,2,156400
3,2,235000
3,2,223100
3,2,114700
3,2,172800
3,2,110000
3,1,152375
3,1,94000
3,2,183000
3,2,125000
3,2,134000
3,2,57007
3,2,44051
3,2,258750
3,2,172500
3,3,220000
3,3,150000
3,2,109528
3,1,287500
3,1,207500
3,2,134200
3,2,103200
3,2,160000
3,2,186600
3,2,119800
3,2,383910
3,2,315850
3,1,198000
3,1,132000
3,1,141600
3,1,94400
3,2,209450
3,2,167560
3,2,185000
3,2,164000
3,0,80000
3,0,52500
3,2,238000
3,2,149500
3,2,186600
3,2,116500
3,1,61520
3,2,175000
3,2,145000
3,1,190000
3,2,113366
1,2,118539
3,1,86128
3,2,146000
3,2,97400
3,0,40747
3,2,166364
3,2,116455
3,2,145000
3,2,125000
3,1,76000
3,2,131000
3,2,205600
3,2,105700
3,2,138000
3,2,67000
3,2,211200
3,2,230000
3,1,60000
3,2,200000
3,2,180000
3,2,18381
3,0,200000
3,0,120000
3,3,126500
3,3,78000
3,2,157750
3,2,104650
3,2,133000
3,1,70000
3,1,40000
3,1,158080
3,2,182000
3,2,231000
3,2,200800
3,2,159100
3,2,120160
3,2,140000
3,2,110000
3,1,149094
3,3,290000
3,2,247500
3,2,172200
3,2,72250
3,3,162500
3,0,23753
3,2,83000
3,2,63967
3,2,188600
3,2,111550
3,2,219300
3,2,143000
3,2,133300
3,2,80000
3,2,204060
3,2,140358
3,1,198900
3,1,183310
3,0,43064
3,2,392000
3,2,224000
3,2,233000
3,2,199098
3,2,172000
3,2,107000
3,1,128000
3,1,81500
3,2,208450
3,2,151600
3,2,200800
3,1,120681
3,1,72409
3,2,250000
3,2,170000
3,2,38290
3,3,215936
3,2,178560
3,2,148800
3,2,331640
3,2,283780
3,3,167954
3,3,115830
3,2,125000
3,2,185000
3,2,50000
3,2,331640
3,2,283780
3,2,189110
3,2,139000
3,2,199000
3,2,145000
3,2,199000
3,2,142000
3,2,230000
3,2,170000
3,2,66000
3,2,52000
3,2,178560
3,2,148800
3,2,200000
3,2,166500
3,2,113220
3,2,365630
3,2,229000
3,2,185000
3,2,86700
3,2,192300
3,2,153800
3,1,67419
3,1,131650
3,1,105320
3,2,126400
3,2,235400
3,2,160080
3,2,146190
3,1,175000
3,3,228856
3,3,144540
3,2,151800
3,1,100000
3,2,126500
3,2,78000
3,2,70000
3,1,300000
3,1,200000
3,2,72000
3,2,205150
3,2,167850
3,2,222750
3,2,182250
3,0,104024
3,1,50745
3,2,148594
3,2,140250
3,2,254500
3,2,130900
3,2,198000
3,2,124000
3,2,234485
3,2,112655
3,0,125000
3,1,51676
3,1,70179
3,1,64781
3,2,258000
3,2,190000
3,2,184184
3,2,167441
3,0,74087
3,0,32390
3,3,204500
3,0,90000
3,0,84000
3,2,202400
3,2,147200
3,2,90000
3,2,192000
3,2,142000
3,2,143000
3,2,129000
3,2,191000
3,2,85000
3,2,70000
3,2,147648
3,2,144800
3,0,16000
3,1,27000
3,3,72000
3,2,172900
3,2,144100
3,2,160000
3,2,135000
3,2,101500
3,2,83700
3,2,283000
3,2,184000
3,3,185000
3,2,246500
3,2,133500
3,3,330000
3,3,230000
3,1,167000
3,1,109000
3,0,47899
3,2,115000
3,2,284000
3,2,227000
3,2,205000
3,2,160000
3,2,191400
3,2,127600
3,1,38915
3,1,95000
3,1,70000
3,1,258000
3,1,171000
3,2,87000
3,2,73000
3,0,20000
3,3,300000
3,1,110736
3,1,55368
3,2,151840
3,2,163152
3,2,108768
3,2,285000
3,2,193900
3,2,345000
3,2,234700
3,2,100000
3,0,40000
3,2,241000
3,2,210000
3,1,90000
3,1,59382
3,2,90000
3,2,84000
3,2,192000
3,2,151000
3,2,169000
3,2,204500
3,2,142200
3,2,210000
3,2,170000
3,1,72000
3,1,60000
3,2,210000
3,2,159090
3,2,94400
3,1,90000
3,1,190000
3,1,125000
3,0,130002
3,0,71908
3,1,81838
3,0,60000
3,2,255000
3,2,116990
3,2,82920
3,2,159000
3,2,105000
3,1,155000
3,1,102000
3,2,374000
3,2,197500
3,1,20000
3,2,266450
3,2,177700
3,2,55720
3,2,50700
2,1,56000
3,1,135000
3,1,115000
3,2,302000
3,2,189000
3,2,150000
3,2,93000
3,2,190000
3,2,46565
3,2,216000
3,1,100000
3,1,128750
3,1,79350
3,1,155000
3,1,125000
3,1,165000
3,1,142500
3,2,213654
3,2,142436
3,2,124230
3,2,68637
3,1,204000
3,1,161500
3,2,185900
3,2,129300
3,2,148750
3,2,95000
3,2,287700
3,2,148000
3,2,227240
3,2,197600
3,2,178500
3,1,146100
3,1,112400
3,1,86128
3,1,79976
3,2,285000
3,0,90000
3,1,237400
3,1,158200
3,2,192000
3,2,164000
3,2,150000
3,2,141000
3,2,267000
3,2,147100
3,2,90700
3,2,72000
3,0,177177
3,2,240000
3,2,142000
1,1,180000
1,1,105000
3,2,268000
3,1,144628
3,1,115702
3,2,144000
3,2,106400
3,2,81800
3,2,93500
3,2,208200
3,2,151200
3,2,270000
3,3,194500
3,3,115500
3,2,140000
3,2,100000
3,2,225000
3,2,199000
3,0,40000
3,1,98432
3,2,399880
3,3,100416
3,0,41027
3,2,155000
3,2,100000
3,2,280100
3,2,168100
3,2,120000
3,2,149040
3,2,165000
3,2,145000
3,2,274450
3,2,199600
3,1,83500
3,1,52500
3,2,140000
3,2,76500
3,1,280000
3,2,76508
3,3,250000
3,3,180000
3,2,157000
3,2,140700
3,2,109600
3,2,278000
3,2,173000
3,2,305000
3,2,155000
3,2,120000
3,0,24000
3,2,165400
3,2,127300
3,2,259000
3,2,138750
3,2,85000
3,2,132000
3,2,71500
3,2,215050
3,2,113100
3,1,130000
3,1,85000
3,2,168400
3,2,136505
3,2,100895
3,2,275300
3,2,183500
3,2,168400
3,2,105200
3,1,240000
3,1,120000
3,1,93000
3,2,237400
3,2,132870
3,2,105000
3,2,317070
3,2,170730
3,1,170000
3,2,158700
3,2,123906
3,1,80976
3,1,66940
3,3,333500
3,3,180500
3,1,76284
3,3,257400
3,3,210600
3,1,65000
3,1,50000
3,2,293000
3,3,260000
3,3,192000
3,1,170000
3,1,125000
3,0,99000
3,2,233000
3,2,185100
3,2,127600
3,3,160000
3,3,55000
3,2,241000
3,2,163000
3,2,311000
3,2,162540
3,3,258750
3,3,225000
3,3,145000
3,2,153600
3,2,182850
3,2,113000
3,1,126000
3,1,86400
3,2,232760
3,2,169280
3,1,162500
3,2,240350
3,2,174800
3,2,153600
3,2,107500
3,1,94100
3,1,72400
3,2,178000
3,2,152000
3,2,233200
3,2,210000
3,2,160000
3,2,206000
3,2,146100
3,2,112400
3,1,110000
3,1,70000
3,2,150120
3,2,120096
3,2,168000
3,2,178600
3,2,142880
3,2,255000
3,2,169000
3,1,151410
3,1,144200
3,0,151410
3,0,115360
3,1,193170
3,1,116480
3,3,203016
3,3,135344
3,2,250500
3,2,159500
3,0,94035
3,0,57920
3,2,113600
3,2,60000
3,2,256000
3,2,245000
3,2,210000
3,2,283200
3,2,188800
0,1,36000
3,1,32834
3,2,205640
3,2,142600
3,2,193200
3,2,156400
3,2,121000
3,2,72000
3,2,48000
3,2,132300
3,2,197000
3,2,328000
3,2,211000
3,2,237000
3,2,201450
3,2,229000
3,2,206000
3,2,231000
3,2,183750
3,2,165400
3,1,175000
3,2,152900
3,2,117700
3,2,285800
3,2,154600
3,2,289120
3,2,192400
3,1,179998
3,0,48644
3,1,35000
3,1,258000
3,2,196000
3,2,121000
3,1,300000
3,1,260000
3,2,147000
3,1,110000
3,2,261500
3,2,134500
1,0,83200
3,2,204500
3,2,142200
3,2,275300
3,2,183500
3,1,147648
3,1,123040
3,2,136600
3,2,109280
3,2,84000
3,2,60000
3,1,61520
3,1,70000
0,2,60000
3,2,281000
3,0,69500
3,2,285000
3,0,69525
3,0,61800
3,2,160000
3,0,40000
3,2,130000
3,2,110000
3,2,225000
3,2,168000
3,0,130001
3,0,71907
3,2,144000
3,2,80000
3,2,205000
3,2,189400
3,2,131685
3,3,204500
3,3,142200
3,2,172000
3,0,60000
3,0,77791
3,1,55410
3,2,57000
3,1,120000
3,2,277500
3,2,236500
3,2,172800
3,2,110000
3,0,41809
1,1,60000
3,0,100000
1,2,323905
3,0,150000
3,0,100000
3,1,155000
3,1,140000
3,1,36000
3,2,144000
3,2,77000
3,1,110736
3,1,55368
3,2,265000
3,2,217000
3,2,177300
3,2,136300
3,2,83000
3,2,208450
3,2,170550
3,2,72000
3,2,60000
3,0,165000
3,0,145000
3,3,336400
3,3,201900
3,1,189750
3,1,131100
3,1,270000
3,1,95000
3,1,117300
3,1,69000
3,2,182000
3,1,244000
3,1,200000
3,1,260000
3,1,102500
3,1,186600
3,1,116500
3,2,80000
3,2,60000
3,2,138000
3,2,207300
3,2,149200
3,2,292000
3,2,164500
3,2,292200
3,2,163800
3,1,120000
3,2,280000
3,2,210000
3,3,225000
3,3,175000
3,2,189750
3,2,131100
3,2,123400
3,2,82200
3,3,225000
3,2,50000
3,2,161800
3,2,121400
3,2,285000
3,2,193900
3,2,240000
3,2,196000
3,2,214000
3,2,170000
3,2,155000
3,2,199000
3,1,105066
3,1,86128
3,3,145000
3,2,289800
3,2,214000
3,2,87500
3,2,280830
3,2,173175
3,1,92280
3,1,49216
3,1,34482
3,2,75038
3,2,64781
3,2,71475
3,2,61541
3,2,231250
3,2,138750
3,1,155000
3,1,242000
3,1,195000
3,0,155000
3,0,125000
3,1,140000
3,2,183924
3,2,125760
3,1,430640
3,2,86374
1,1,30000
1,1,25500
3,2,175000
3,2,120000
3,2,219000
3,2,141000
3,0,213660
3,0,130760
3,2,275000
3,2,174000
3,2,143200
3,2,90000
3,2,72000
3,2,253200
3,2,342810
3,2,184590
3,1,105380
3,1,64500
3,0,30000
3,1,20984
3,0,204620
3,0,110680
3,2,270703
3,2,221484
3,2,212750
3,2,218500
3,2,199098
3,2,203300
3,2,123600
3,2,110500
3,2,238000
3,2,237000
3,2,201450
3,2,193500
3,2,139000
3,1,65058
3,2,150000
3,1,70179
3,1,97171
3,2,185900
3,2,129300
3,0,163196
3,0,145885
3,2,202800
3,2,104300
3,2,179170
3,2,94300
3,2,152500
3,2,116450
3,2,133800
3,0,220000
3,0,56536
3,2,214000
3,2,141600
3,2,342300
3,2,176100
3,0,65000
3,2,138784
3,2,83270
3,0,70000
3,2,318300
3,2,212200
3,2,230000
3,2,143200
3,1,105000
3,1,20673
3,1,46755
3,1,43064
3,2,168400
3,2,105200
3,2,55368
3,2,43064
3,1,67672
3,3,15000
3,1,86128
3,1,58444
3,1,250000
3,2,186000
3,1,230000
3,1,200000
3,2,53984
3,3,205000
3,2,215000
3,2,170000
3,2,224000
3,2,176000
3,0,17025
3,2,67635
3,1,74883
3,2,100000
3,2,80000
3,2,162500
3,1,200000
3,3,115000
3,2,239000
3,2,122900
3,2,191765
3,2,134236
3,2,112000
3,2,88256
3,2,105500
3,2,293000
3,2,148500
3,2,152900
3,2,117100
3,2,113000
3,3,175000
3,3,110000
3,2,110000
3,2,205000
3,2,149500
3,2,127075
3,2,219535
3,2,146115
3,3,221000
3,3,153000
3,2,187000
3,2,109000
3,2,198800
3,2,105200
3,2,112000
3,2,115000
3,2,86000
3,2,275000
0,2,50000
3,1,280700
3,1,150450
3,0,51861
3,1,93918
3,1,51962
3,2,175000
3,2,135000
3,2,257000
3,2,133200
3,2,221000
3,2,147000
3,2,156000
3,2,304000
3,1,48585
3,1,198340
3,1,104055
3,2,183600
3,1,130000
3,2,160000
3,2,120000
3,2,289076
3,2,202353
3,3,200000
3,1,68000
3,0,60000
3,0,155000
3,0,125000
3,2,181000
3,2,252000
3,3,180000
3,3,155000
3,0,64200
3,0,56100
3,1,135000
3,2,171250
3,2,113750
3,2,100500
3,2,115000
3,1,182500
3,1,121500
3,2,203100
3,2,114500
3,0,92700
3,1,167500
3,1,106500
3,0,59888
3,3,286000
3,3,207000
3,2,178600
3,1,230000
3,1,220000
3,1,151800
3,2,317070
3,2,170730
3,0,21593
3,2,108000
3,2,60000
3,1,134000
3,1,124000
3,2,124500
3,2,148700
3,2,125600
3,0,120000
3,2,120250
3,2,183000
3,2,125000
3,1,135000
3,2,417937
3,1,143865
3,1,115092
3,1,90000
3,2,208049
3,2,128500
3,1,149600
3,1,102000
3,3,100000
3,2,190000
3,1,97171
3,1,80976
3,1,151000
3,0,43187
3,2,145000
3,1,154000
3,1,143000
3,0,190000
3,0,120000
3,3,265000
3,3,235000
3,0,122638
3,1,73546
3,1,60400
3,2,172309
3,1,60462
3,1,83500
3,1,52500
3,2,201036
3,2,134024
3,0,62000
3,0,58000
3,2,115000
3,0,125000
3,0,90000
3,2,109400
3,1,145000
3,2,239748
3,2,159832
3,2,186300
3,2,102500
3,2,149040
3,2,113900
3,2,172600
3,2,107900
3,2,180180
3,2,106020
3,2,376080
3,2,213120
3,2,206500
3,2,121600
3,2,170000
3,2,90000
3,2,120000
3,2,175000
3,1,206000
3,2,65000
3,2,48000
3,2,87000
3,0,115100
3,0,73900
3,1,58444
3,1,130000
3,2,141288
3,2,94192
3,2,184000
3,2,143000
3,1,160000
3,1,147000
3,1,74883
3,1,17025
3,0,70000
3,0,80000
3,1,18241
3,3,210914
3,3,116704
3,1,185700
3,1,165000
3,2,193000
3,2,136850
3,2,139500
3,2,109400
3,2,276000
3,1,59382
3,1,48585
3,1,75577
3,1,48585
3,2,198094
3,2,102492
3,2,138666
3,2,102492
3,2,130000
3,1,150000
3,2,260000
3,2,110000
3,2,163800
3,2,126000
3,1,106250
3,3,167500
3,3,106500
3,2,250000
3,1,130000
3,1,100000
3,2,124163
3,1,104500
3,1,70000
3,1,90000
3,1,70000
3,1,125000
3,2,127000
3,2,210550
3,2,153300
3,1,200000
3,2,161500
3,2,119500
3,2,105000
3,2,85000
3,2,215000
3,2,146300
3,0,215936
3,1,72000
3,1,60000
3,2,153400
3,2,122700
3,2,123900
3,1,340000
3,1,64781
3,2,185900
3,2,121700
0,2,50000
3,0,100000
3,3,310000
3,3,239000
3,0,150000
3,2,149076
3,2,82365
3,2,85500
3,1,97750
3,1,116990
3,1,82920
3,1,200000
3,1,125000
3,2,155000
3,2,140000
3,1,205920
3,1,171600
3,2,121500
3,1,116000
3,1,79976
3,1,44356
3,1,129192
3,0,30000
2,0,34320
3,2,75577
3,3,106000
3,2,93800
3,2,150000
3,2,90000
3,0,220000
3,2,72338
3,0,64781
3,2,15809
3,1,40000
3,2,29301
3,2,152380
3,2,121904
3,2,168400
3,2,105200
3,2,128280
3,2,106900
3,2,192000
3,2,107968
3,2,86374
3,2,275000
3,2,174000
3,2,170500
3,2,73857
3,2,55044
3,3,162288
3,3,129058
3,2,65000
3,2,124740
3,2,65488
3,2,72200
3,2,64980
3,2,179975
3,2,86466
3,2,175000
3,2,120000
3,2,205920
3,2,171600
3,1,130000
3,0,168000
3,1,38868
3,2,167580
3,2,87980
3,2,104000
3,2,230000
3,2,269000
3,2,158000
3,2,197000
3,2,106000
3,1,150000
3,1,100000
3,2,290000
3,2,192000
3,2,172800
3,2,300240
3,2,200160
3,2,169000
3,2,100000
3,1,116888
3,2,110000
3,2,80000
3,0,55000
3,0,48000
3,2,137500
3,1,30000
3,2,153088
3,1,190000
3,1,160000
3,1,183310
3,2,66000
3,1,148500
3,1,126277
3,2,228000
3,2,180000
3,2,90000
3,2,272000
3,2,170000
3,1,110736
3,1,73824
2,0,18160
3,0,19910
3,2,247500
3,2,172200
3,2,107968
3,2,75577
3,2,288000
3,1,73824
3,1,61520
3,2,215050
3,2,114000
3,2,209300
3,2,182200
3,0,85000
3,1,49216
3,0,120000
3,0,60000
3,2,147100
3,2,90700
3,2,227000
3,2,56143
3,2,51824
3,0,60000
3,0,50000
3,2,153799
3,2,52500
3,2,162500
3,1,165000
3,1,124000
3,2,63000
3,2,253750
3,2,169200
3,2,213580
3,2,163625
3,2,375000
3,2,102569
3,1,16417
3,2,231250
3,2,138750
3,2,284310
3,2,153090
3,1,110736
3,1,86128
3,2,225900
3,2,156400
3,2,385000
3,2,241871
3,2,133832
3,1,36000
3,1,123040
3,1,98432
3,2,216100
3,2,140800
3,1,147648
3,2,53984
3,0,110000
3,1,63980
3,3,284000
3,3,236000
3,2,248100
3,2,145900
3,2,155850
3,2,102544
3,1,151410
3,1,115360
3,1,59382
3,2,125948
3,2,100000
3,2,185000
3,2,120250
3,0,26992
3,0,180000
3,1,85000
3,1,70000
3,2,100000
3,3,155000
3,3,140000
3,2,220000
3,2,204500
3,2,138900
3,1,23000
3,1,110000
3,2,182750
3,3,314100
3,3,195800
3,2,180000
3,0,160000
3,0,100000
3,2,199000
3,2,112000
3,0,130000
3,0,160000
3,0,135000
3,2,350000
3,2,262500
3,2,158677
3,1,103200
3,1,61200
3,1,155000
3,0,66970
3,2,63701
3,2,174500
3,2,113000
3,2,87000
3,2,107250
3,2,119000
3,1,60805
3,0,30000
3,1,220000
3,1,195000
3,2,168400
3,2,200000
3,2,153000
3,2,94000
3,0,124234
3,0,74540
3,2,84053
3,1,50000
3,2,141290
3,2,74178
3,2,107500
3,2,84000
3,2,125000
3,2,110000
3,2,200000
3,2,135000
3,0,48000
3,0,120000
3,2,200000
3,1,80000
3,1,17511
3,2,77737
3,2,38868
3,2,140000
3,1,53984
3,2,41027
3,1,183310
3,2,102500
3,1,24613
3,1,15897
3,2,182000
3,2,77737
3,2,38868
3,3,300000
3,1,105500
3,1,110000
3,2,153400
3,2,122700
3,1,87000
3,0,50000
3,2,234100
3,2,203500
3,2,232200
3,2,197000
3,2,106000
3,2,180000
3,2,145000
3,2,225000
3,2,200000
3,2,114000
3,2,291500
3,3,196200
3,3,150900
3,1,95000
3,1,80000
3,1,116000
3,1,72000
3,2,207000
3,2,167000
3,2,135000
3,2,96100
3,2,100000
3,2,140000
3,2,115000
3,1,219000
3,2,126100
3,2,72000
3,2,240500
3,2,137500
3,1,187500
3,1,165000
3,1,73824
2,0,25216
3,2,165750
3,2,225000
3,2,165750
3,1,110367
3,1,67979
3,2,275000
3,2,175000
3,2,175308
3,2,100706
3,2,235000
3,2,135000
3,2,289076
3,2,202353
3,2,70179
3,2,37788
3,1,120000
3,2,54094
3,1,18314
3,2,231250
3,0,100000
3,0,150000
3,0,120000
3,2,133000
3,2,272550
3,2,187500
3,2,64000
3,2,235000
3,2,185000
3,2,143100
3,2,113000
3,2,142000
3,2,180560
3,2,115440
3,2,110000
3,1,76284
3,1,63980
3,1,59059
3,1,46755
3,2,236000
3,0,130000
3,2,125000
3,2,175000
3,2,155000
3,2,153600
3,2,106800
3,2,150000
3,2,140000
3,2,122000
3,2,94500
3,2,170000
3,2,130000
3,2,145000
3,2,128000
3,2,145000
3,2,100000
3,2,120000
3,2,115000
3,2,150000
3,1,150000
3,1,100000
3,1,150000
3,1,127500
3,2,126500
3,2,51000
3,1,260000
3,1,175000
3,0,40000
3,0,40000
3,2,250000
3,2,63000
3,2,210000
3,2,160000
3,2,272550
3,2,198200
3,1,94560
3,1,52533
3,2,220000
3,2,146000
3,2,248400
3,2,183600
3,1,150000
3,0,40000
3,2,56723
3,1,120000
3,1,95000
3,0,160000
3,0,135000
3,0,24165
3,2,216000
3,2,144000
3,0,85000
3,0,65000
3,2,149000
3,2,119000
3,2,120000
3,1,110000
3,2,246000
3,2,201000
3,2,190000
3,2,155000
3,2,235000
3,2,185000
3,2,190000
3,2,160000
3,0,100000
3,1,130000
3,1,115000
3,1,92350
3,1,67723
3,1,105000
3,1,70000
3,2,204500
3,2,142200
3,2,192000
3,2,164000
3,2,185900
3,2,129300
3,2,75000
3,2,175000
3,2,120000
3,2,167500
3,2,106500
3,1,75000
3,1,60000
3,2,184000
3,2,142000
3,1,145000
3,1,100000
3,1,31795
3,1,44365
3,3,200000
3,3,145000
3,1,92350
3,1,73880
3,2,192000
3,2,164000
3,3,310000
3,3,239000
3,2,120000
3,2,95000
3,2,145000
3,2,135000
3,2,78000
3,2,73546
3,2,36773
3,1,160000
3,1,35610
3,2,125000
3,2,95000
3,2,47280
3,2,37824
3,2,115934
3,2,81666
3,2,175000
3,2,249500
3,2,149850
3,1,122500
3,1,100000
3,2,249500
3,2,149850
3,0,55000
3,0,48000
3,2,249500
3,2,149850
3,1,58837
3,2,190000
3,2,127000
3,2,104000
3,2,210000
3,2,150000
3,2,210000
3,2,182750
3,2,161500
3,1,102640
3,1,66100
3,2,210000
3,2,150000
3,2,198800
3,2,122600
3,1,80000
3,2,136000
3,2,104000
3,2,150000
3,2,100000
3,3,159000
3,3,130000
3,2,215000
3,2,150000
3,1,187000
3,1,153000
3,2,255000
3,2,185000
3,1,430967
3,1,55410
3,2,50432
3,2,39925
3,2,169000
3,2,110600
3,0,60938
3,2,140000
3,2,120000
3,0,50000
3,1,134000
3,1,124000
3,2,166700
3,0,124234
3,0,74540
3,1,65000
3,1,16904
3,0,200000
3,2,220000
3,2,146000
3,2,68293
3,2,110000
3,2,70000
3,2,190000
3,2,135000
3,2,128000
3,2,81500
3,2,173000
3,2,110000
3,2,120000
3,2,190000
3,2,194000
3,2,129400
3,2,201000
3,2,89200
3,2,165000
3,2,125000
3,2,230000
3,2,196000
3,1,130000
3,1,90000
3,1,150000
3,1,100000
3,1,230000
3,1,150000
3,1,130000
3,1,180000
3,1,120000
3,2,192500
3,2,140000
3,2,152500
3,2,65000
3,2,55000
3,2,178750
3,2,160000
3,1,63040
3,1,165000
3,1,135000
3,2,170000
3,2,125000
3,2,105000
3,2,70000
3,2,130000
3,2,95000
3,2,203500
3,2,152000
3,2,197430
3,2,134760
3,2,197000
3,2,99000
3,2,162000
3,1,110446
3,1,79178
3,1,70186
3,1,51716
3,2,149040
3,2,113900
3,1,95000
3,2,115000
3,2,171000
0,0,50000
3,2,185900
3,2,129300
3,2,230000
3,2,154600
3,1,75000
3,2,213000
3,2,152000
3,2,70000
3,2,227200
3,2,168000
3,1,64090
3,1,60938
3,2,243000
3,2,183000
3,1,130000
3,1,90000
3,1,165000
3,1,124000
3,2,178000
3,2,132000
3,2,300000
3,2,116000
3,2,96000
3,2,92350
3,2,70186
3,2,105000
3,2,70000
3,1,105236
3,0,189750
3,0,140250
3,2,130000
3,1,160000
3,1,109000
3,2,250000
3,2,150000
3,1,206000
3,2,135000
3,2,115573
3,2,73546
3,2,42026
3,2,191200
3,0,66192
3,2,230000
3,2,154600
3,1,80000
3,2,135000
3,2,110000
3,1,155000
3,1,140000
3,2,205000
3,2,179500
3,2,134000
3,2,145000
3,2,235000
3,2,175000
3,0,27317
3,1,90000
3,1,165000
3,1,135000
3,2,168400
3,2,105200
3,1,86193
3,1,49253
3,2,200000
3,2,198800
3,2,122600
0,0,100000
3,1,105066
3,1,104663
3,1,73880
3,2,125000
3,2,110000
3,2,148000
3,2,107000
3,1,100000
3,1,65000
3,2,63040
3,2,36773
3,2,299500
3,2,245100
3,2,168000
3,1,161000
3,1,118000
3,2,205000
3,2,247500
3,2,172200
3,2,68293
3,2,177000
3,2,131000
3,2,102000
3,1,65000
3,2,61566
3,2,43096
3,1,135000
3,0,80000
3,2,231250
3,2,138750
3,2,193750
3,2,116250
3,2,231250
3,2,138750
3,2,193750
3,2,116250
3,2,208000
3,2,127000
3,2,300000
3,2,196000
0,1,45555
3,2,205000
3,2,185000
3,2,247500
3,2,172200
3,2,110000
3,0,17684
3,2,375000
3,2,225000
3,2,156400
3,1,104663
3,1,80036
3,2,140700
3,2,93800
3,2,350000
3,2,135000
3,1,104697
3,0,33000
3,0,34672
3,2,119000
3,2,154560
3,2,123648
3,1,170000
3,1,145000
3,2,247500
3,2,172200
3,2,177500
3,2,134000
3,2,192564
3,2,144854
3,2,179305
3,2,142127
3,2,315000
3,2,225000
3,2,243900
3,2,156600
3,1,79000
3,1,89306
3,2,182500
3,2,128500
3,0,77300
3,0,45600
3,2,210000
3,2,136000
3,2,140000
3,2,247500
3,2,172200
3,2,184100
3,1,85000
3,1,78000
3,2,161000
3,3,205000
3,3,160000
3,0,61566
3,0,49253
3,2,245000
3,2,180000
3,2,198440
3,2,144000
3,2,240000
3,2,198440
3,2,144000
3,1,57872
3,0,64000
3,0,39925
3,2,187200
3,2,116100
3,2,275000
3,2,166000
3,2,159699
3,2,138938
3,0,76000
3,2,103432
3,2,92350
3,2,80000
3,2,52500
3,2,236000
3,2,182000
3,2,135000
3,1,240000
2,0,125404
3,2,195000
3,2,123000
3,2,92250
3,1,180000
3,1,100000
3,2,97000
3,2,90000
3,2,180000
3,2,260000
3,2,180000
3,3,210000
3,3,157000
3,1,80000
3,1,52500
3,2,128000
3,2,81500
3,2,105000
3,2,70000
3,2,122500
3,2,171000
3,2,117000
3,2,202800
3,2,104300
3,2,36773
3,1,30000
3,1,78000
3,1,48000
3,1,78000
3,1,42000
3,2,345600
3,2,230400
3,1,78000
3,1,48000
3,2,175950
3,2,130050
3,2,205600
3,2,105700
3,2,236600
3,1,84000
3,1,54000
3,0,80000
3,2,200000
3,0,73742
3,2,165000
3,0,33246
3,1,75050
3,0,108000
3,2,38000
3,1,85000
3,1,110820
3,2,153600
3,2,106800
3,2,50000
3,2,123400
3,2,88100
3,2,120000
3,2,55000
3,2,150000
3,2,120000
3,2,139000
3,2,139600
3,2,85700
3,2,185000
3,2,50000
3,2,200000
3,1,148500
3,1,98200
3,2,115000
3,2,225000
3,2,66000
3,1,134000
3,1,98000
3,1,105000
3,1,62000
3,0,57000
3,2,161311
3,1,144200
3,1,115360
3,1,83171
3,2,38154
3,2,73546
3,2,42026
3,2,180000
3,2,160000
3,1,108000
3,2,200000
3,2,150000
3,3,125976
3,2,188700
3,2,160395
3,2,191475
3,2,141525
3,1,75648
3,2,156868
3,2,200000
3,2,69344
1,2,90000
3,1,126080
3,1,84053
3,1,108000
3,1,85000
3,2,165000
3,2,132000
3,2,130000
3,1,45050
3,0,42028
3,1,135000
3,2,178800
3,2,132100
3,0,20000
3,2,140000
3,2,110000
3,2,85000
3,2,250000
3,2,63000
3,3,187200
3,3,116100
3,2,229998
3,2,154545
3,2,215000
3,2,159000
3,0,50000
3,2,183000
3,2,99750
3,2,68400
3,2,236900
3,2,159200
3,2,243225
3,2,179775
3,2,191475
3,2,141525
3,2,218000
3,2,145300
3,2,195400
3,2,131300
3,0,105000
3,2,207000
3,2,153000
3,2,99000
3,2,200000
3,2,135000
3,2,195700
3,2,130500
3,2,130000
3,2,84000
3,1,100000
3,1,60000
3,1,80036
3,1,67723
3,2,141300
3,2,102100
3,1,150000
3,1,102200
3,0,22892
3,2,144000
3,2,113000
3,0,31520
3,2,195400
3,2,131300
3,2,195400
3,2,131300
3,2,80000
1,1,60000
3,2,63040
3,0,50000
3,2,190000
3,2,140000
3,2,180000
3,2,165000
3,2,108000
3,0,20000
3,2,179400
3,2,154000
3,2,193900
3,2,129300
3,3,222640
3,3,182160
3,1,100000
3,2,122500
3,2,100000
3,3,297500
3,3,260000
3,0,15000
3,2,193000
3,0,93000
3,0,73000
3,2,136994
3,2,101570
3,2,57786
3,1,136000
3,1,112000
3,2,172000
3,2,164000
3,0,45390
3,1,97500
3,2,212800
3,2,142800
3,1,73546
3,0,50000
3,2,151800
3,2,130240
3,2,165000
3,2,140250
3,1,75000
3,1,84053
3,1,73546
3,1,98506
3,1,86193
3,1,84053
3,1,73546
3,2,102663
3,2,80041
3,2,104611
3,2,82280
3,2,115000
3,0,31520
3,2,81000
3,2,66000
3,0,46000
3,0,80000
3,3,200000
3,3,180000
3,3,200000
3,2,204100
3,2,136100
3,2,250000
3,2,63000
3,1,118208
3,1,110820
2,0,19073
3,2,95000
3,1,75000
3,1,113000
3,2,170000
3,1,113000
3,1,140000
3,2,50000
3,1,53368
3,2,29944
3,2,160000
3,2,119300
3,1,145000
3,2,146200
3,2,124270
3,1,225000
3,1,160000
3,1,54634
3,2,185800
3,2,137400
3,2,245000
3,2,180000
3,2,203500
3,2,152000
3,2,186000
3,2,148800
3,2,95386
3,1,128058
3,0,82000
2,0,110000
3,1,173000
3,2,186000
3,2,148800
3,1,158000
3,1,134000
3,3,200000
3,3,150000
3,2,216200
3,2,144100
3,1,115573
3,1,89306
3,2,85000
3,2,206000
3,2,175100
3,2,189650
3,2,164996
3,2,154000
3,2,126000
3,2,200000
3,2,150000
3,2,117000
3,2,99450
3,2,200000
3,2,135000
3,2,193900
3,2,129300
3,0,55410
3,2,86193
3,2,61566
3,2,175000
3,2,188100
3,2,139860
3,2,248700
3,2,167100
3,1,50432
3,2,141300
3,2,102100
3,0,50000
3,0,84053
3,1,61566
3,2,250000
3,2,63000
3,2,189500
3,2,140100
3,2,177600
3,2,131300
3,1,24000
3,2,202900
3,0,115000
3,1,193900
3,1,129300
3,2,140000
3,1,216200
3,1,144100
3,2,216000
3,2,144000
3,0,150000
3,1,53416
3,0,50000
3,2,250000
3,3,84053
3,1,131752
3,2,48000
3,3,260500
3,3,175100
3,0,55000
3,1,130000
3,2,77119
3,0,52008
0,1,30523
3,2,206699
3,2,99100
3,1,200000
3,1,54000
3,0,130000
3,2,100000
3,2,80000
3,2,100000
3,2,221300
3,2,148700
3,0,30000
3,0,28368
3,1,91118
3,1,61566
3,1,60938
3,2,249260
3,2,185400
3,1,80036
3,2,128875
3,2,93700
3,2,100000
3,2,136260
3,2,109280
3,2,92000
3,1,135446
3,1,104663
3,0,129000
3,0,86000
3,2,100000
3,1,25000
3,1,65257
3,1,200000
3,0,180000
3,1,153000
3,2,150075
3,2,110925
3,1,22800
3,0,22809
3,0,15000
3,2,133766
3,0,83000
3,2,186000
3,2,148800
3,2,112900
3,2,90320
3,2,240000
3,2,160000
3,2,300000
3,2,200000
3,1,65666
3,1,200000
3,1,116976
3,1,92350
3,1,120000
3,2,145000
3,2,105400
3,0,49268
3,2,215300
3,2,158200
3,2,209100
3,1,84053
3,2,164000
3,2,132000
3,2,123000
3,1,52533
3,3,115222
3,2,165400
3,2,132320
3,2,208775
3,2,147800
3,2,136994
3,2,101570
3,3,76309
3,0,35093
3,2,183600
3,2,100800
3,1,49253
3,1,36940
3,1,42026
3,1,31520
3,1,42026
3,1,31520
3,2,140400
3,1,63040
3,1,47280
3,2,260000
3,1,43096
3,1,63040
3,1,47280
3,1,55410
3,1,51064
3,2,60000
3,1,82900
3,1,63900
3,1,160000
3,1,112300
3,1,241000
3,1,159000
3,2,80000
3,1,58000
3,2,136000
3,2,108800
3,3,242000
3,1,61566
3,1,36940
3,1,49253
3,2,165220
3,2,120160
3,2,124190
3,2,181940
3,2,220110
3,2,160080
3,2,120000
3,1,126500
3,1,106260
3,2,155000
3,2,120600
3,2,102100
3,2,84900
3,2,136620
3,2,99360
3,2,110820
3,2,98506
3,0,43096
3,3,130000
3,3,110000
3,2,170000
3,2,161342
3,2,137141
3,2,167000
3,2,73880
3,2,211500
3,2,138600
3,2,192400
3,2,90700
3,2,130000
3,2,61300
3,2,160000
3,2,113000
3,2,95550
3,1,167000
3,1,115500
3,2,243900
3,2,156600
3,2,136600
3,2,128875
3,2,93700
3,3,224000
3,3,167875
3,3,175000
3,3,135000
3,2,205300
3,2,176000
3,2,200100
3,2,70500
3,2,54000
3,2,205300
3,2,140400
3,2,205300
3,2,184700
3,2,175100
3,2,140250
3,2,116150
3,2,99050
3,1,85000
3,1,75000
3,2,214000
3,2,192600
3,2,266400
3,2,213120
3,1,141300
3,1,102100
3,1,206699
3,1,99100
3,2,110500
3,1,61566
3,1,43096
3,2,60000
3,2,230000
3,2,150260
3,2,109280
3,0,67000
3,0,52000
3,2,129000
3,2,69000
3,2,25000
3,2,126500
3,2,106260
3,1,135000
3,1,50000
3,1,172386
3,1,86193
3,2,220000
3,1,200000
3,2,120000
3,2,65000
3,3,324000
3,3,216000
3,2,185100
3,2,104890
3,1,76814
3,2,117104
3,3,192037
3,1,120000
3,1,17805
3,1,30523
3,1,55685
2,1,52533
3,0,17805
3,1,75000
3,1,157000
3,1,69133
3,0,65000
3,2,68293
3,1,109000
3,1,67597
3,1,20000
3,2,102839
3,2,200000
3,0,51081
3,1,83864
3,0,40000
3,1,31520
3,2,59888
3,0,54742
3,2,89306
3,0,83171
3,1,153000
3,2,100000
3,2,76814
3,1,33609
3,1,75000
3,1,20000
1,0,30469
3,1,69999
3,0,55475
3,1,61989
3,2,152500
3,0,120000
3,1,135000
3,2,405000
3,2,150000
3,2,240000
3,1,135000
3,0,80000
3,2,380000
3,1,120402
3,2,177000
3,1,65141
3,1,48000
3,0,20000
3,2,220000
3,1,77364
3,1,63711
3,0,150000
3,1,90000
0,1,100000
3,0,100000
2,0,100000
3,2,144000
3,2,155499
3,2,24000
3,1,38400
3,0,100000
3,1,82500
3,0,49646
3,2,40570
3,0,120000
3,2,84053
3,0,20000
3,0,125000
3,2,120000
3,0,110037
3,0,21013
3,0,50000
3,2,200000
3,1,60000
3,1,200000
3,0,100000
3,1,100000
3,2,82744
3,1,59303
3,1,62649
3,1,82528
3,1,170000
3,1,150000
3,0,55000
3,3,250000
3,0,80000
3,0,70000
3,3,130026
3,0,63831
3,2,68428
3,3,85000
3,3,230000
3,0,125000
3,2,120000
3,1,450000
3,1,46759
3,1,74130
3,2,127221
3,2,144000
3,1,75774
3,1,150000
3,1,103000
3,2,153000
3,1,90000
3,0,90000
3,0,60000
3,1,50000
1,1,270000
3,1,54238
3,1,47282
3,3,153667
3,1,28476
3,1,110000
3,0,82528
3,0,250000
3,0,59102
3,2,80000
3,0,138000
3,1,140000
3,2,79197
3,2,170000
3,0,80000
3,1,45760
3,1,100000
3,2,53192
3,3,235000
3,3,150000
3,3,79833
3,0,225000
3,0,76833
3,1,50180
3,2,88654
3,2,103160
3,2,113476
3,2,94564
3,0,30428
3,2,150000
3,2,115000
3,1,187442
3,1,51519
3,1,106000
3,1,112872
3,1,36259
2,0,15966
3,1,95746
3,0,70000
3,1,76958
3,1,89294
3,0,29751
3,2,276000
3,2,188000
3,2,160000
3,1,105000
3,2,174000
3,1,93000
3,0,28399
3,2,60757
3,0,90000
3,1,70139
3,2,33511
3,2,170000
3,2,96282
3,0,36643
3,1,72212
3,0,91000
3,2,99703
3,2,165000
3,1,80000
3,2,103691
3,0,21637
3,0,42000
3,1,115000
3,1,63810
3,2,260000
3,1,110000
3,1,180000
3,2,200000
3,2,109024
3,2,200000
3,2,256000
3,1,110000
3,1,79833
3,0,72500
3,2,185000
2,1,69741
3,0,100000
3,1,112000
3,2,150000
3,2,20171
3,2,55000
3,0,58000
3,0,100000
3,2,77684
3,0,85000
3,0,76833
1,2,105000
3,0,72000
3,0,65013
3,1,28016
3,1,111775
3,1,93150
3,2,160000
3,1,25532
3,2,66265
3,1,16904
3,2,63831
3,2,190000
3,3,141846
3,0,16228
3,2,71786
3,1,35735
3,2,135000
3,0,24823
3,2,54094
3,2,24342
3,1,147000
3,2,96113
3,2,174000
3,1,135000
3,0,21844
3,2,125000
3,0,51321
3,1,40481
3,3,69741
3,2,50000
3,0,39916
3,1,87000
3,1,26005
3,1,90734
3,1,22611
3,0,81000
3,1,40038
3,0,90000
3,1,61467
3,2,195000
3,1,37825
3,1,85000
1,3,416000
3,2,225000
3,1,56256
3,1,33808
3,1,116914
3,1,46597
3,0,41689
3,2,114047
3,1,88654
3,1,56000
2,0,28609
3,1,88654
3,2,47899
3,1,98000
3,1,66022
3,1,56738
3,1,24823
3,2,120000
0,1,20000
3,3,325000
3,2,200000
3,0,45896
3,1,160000
3,2,50000
3,1,40189
3,2,165000
3,1,42197
3,2,185000
3,0,62726
2,0,21669
3,1,110000
3,2,140000
3,2,120000
3,2,87738
3,2,61896
3,2,76833
3,1,74000
3,2,152000
3,1,18000
0,2,60000
3,1,130000
3,2,18907
3,0,59102
3,2,173762
3,2,148261
3,1,38776
3,1,46809
3,0,18053
3,2,91237
3,1,62726
3,1,115000
3,2,235000
3,1,19609
3,1,75000
3,1,62000
3,1,73000
3,1,45391
3,2,190200
3,1,118000
3,1,138350
3,1,130800
3,2,45618
3,2,168000
3,1,119059
3,1,423000
3,1,28369
3,2,165000
3,2,412000
3,1,151000
3,0,105000
1,0,100000
3,2,94665
